{
  "Name": "Proyecto VIsion ",
  "CreationDate": "2021-11-22",
  "Commands": [
    {
      "Command": "visualVerify",
      "Target": "6leswq_dpi_96.png",
      "Value": "",
      "Description": ""
    },
    {
      "Command": "XClick",
      "Target": "ipolfl_dpi_96.png",
      "Value": "",
      "Description": ""
    },
    {
      "Command": "XClick",
      "Target": "9vdczq_dpi_96.png",
      "Value": "",
      "Description": ""
    },
    {
      "Command": "XType",
      "Target": "${KEY_UP} ",
      "Value": "",
      "Description": ""
    },
    {
      "Command": "XType",
      "Target": "${KEY_ENTER}",
      "Value": "",
      "Description": ""
    },
    {
      "Command": "XClick",
      "Target": "kvqoym_dpi_96.png",
      "Value": "",
      "Description": ""
    },
    {
      "Command": "XType",
      "Target": "${KEY_UP} ",
      "Value": "",
      "Description": ""
    },
    {
      "Command": "XType",
      "Target": "${KEY_ENTER}",
      "Value": "",
      "Description": ""
    },
    {
      "Command": "visualVerify",
      "Target": "uvpul0_dpi_96.png",
      "Value": "",
      "Description": ""
    },
    {
      "Command": "XClick",
      "Target": "ctfgf3_dpi_96.png",
      "Value": "",
      "Description": ""
    },
    {
      "Command": "XClick",
      "Target": "n01txn_dpi_96.png",
      "Value": "",
      "Description": ""
    },
    {
      "Command": "XType",
      "Target": "9874267413",
      "Value": "",
      "Description": ""
    },
    {
      "Command": "XClick",
      "Target": "i0qqjy_dpi_96.png",
      "Value": "",
      "Description": ""
    },
    {
      "Command": "XType",
      "Target": "Ruben",
      "Value": "",
      "Description": ""
    },
    {
      "Command": "XClick",
      "Target": "vwpk86_dpi_96.png",
      "Value": "",
      "Description": ""
    },
    {
      "Command": "XType",
      "Target": "Orozco",
      "Value": "",
      "Description": ""
    },
    {
      "Command": "visualVerify",
      "Target": "cqsggx_dpi_96.png",
      "Value": "",
      "Description": ""
    },
    {
      "Command": "XClick",
      "Target": "sawihe_dpi_96.png",
      "Value": "",
      "Description": ""
    },
    {
      "Command": "visualVerify",
      "Target": "rxjoy5_dpi_96.png",
      "Value": "",
      "Description": ""
    },
    {
      "Command": "XClick",
      "Target": "s0pgqg_dpi_96.png",
      "Value": "",
      "Description": ""
    },
    {
      "Command": "XType",
      "Target": "Soporte",
      "Value": "",
      "Description": ""
    },
    {
      "Command": "XClick",
      "Target": "c8ewee_dpi_96.png",
      "Value": "",
      "Description": ""
    },
    {
      "Command": "XClick",
      "Target": "hdcegy_dpi_96.png",
      "Value": "",
      "Description": ""
    },
    {
      "Command": "XType",
      "Target": "paquete pruebas copy",
      "Value": "",
      "Description": ""
    },
    {
      "Command": "visualVerify",
      "Target": "qulnir_dpi_96.png",
      "Value": "",
      "Description": ""
    },
    {
      "Command": "XClick",
      "Target": "mdduxa_dpi_96.png",
      "Value": "#doubleclick",
      "Description": ""
    },
    {
      "Command": "XClick",
      "Target": "oqutdo_dpi_96.png",
      "Value": "",
      "Description": ""
    },
    {
      "Command": "visualVerify",
      "Target": "kcaome_dpi_96.png",
      "Value": "",
      "Description": ""
    },
    {
      "Command": "XType",
      "Target": "${KEY_F5}",
      "Value": "",
      "Description": ""
    }
  ]
}